"打击/物理","Animations.json,1,name"
"打击/效果","Animations.json,2,name"
"打击/火","Animations.json,3,name"
"打击/冰","Animations.json,4,name"
"打击/雷","Animations.json,5,name"
"斩击/物理","Animations.json,6,name"
"斩击/效果","Animations.json,7,name"
"斩击/火","Animations.json,8,name"
"斩击/冰","Animations.json,9,name"
"斩击/雷","Animations.json,10,name"
"刺突/物理","Animations.json,11,name"
"刺突/效果","Animations.json,12,name"
"刺突/火","Animations.json,13,name"
"刺突/冰","Animations.json,14,name"
"刺突/雷","Animations.json,15,name"
"爪/物理","Animations.json,16,name"
"爪/效果","Animations.json,17,name"
"爪/火","Animations.json,18,name"
"爪/冰","Animations.json,19,name"
"爪/雷","Animations.json,20,name"
"打击/必杀技1","Animations.json,21,name"
"打击/必杀技2","Animations.json,22,name"
"斩击/必杀技1","Animations.json,23,name"
"斩击/必杀技2","Animations.json,24,name"
"斩击/必杀技3","Animations.json,25,name"
"刺突/必杀技1","Animations.json,26,name"
"刺突/必杀技2","Animations.json,27,name"
"爪/必杀技","Animations.json,28,name"
"矢/必杀技","Animations.json,29,name"
"通用/必杀技1
","Animations.json,30,name"
"通用/必杀技2
","Animations.json,31,name"
"咳嗽","Animations.json,32,name"
"花粉","Animations.json,33,name"
"超音波","Animations.json,34,name"
"雾","Animations.json,35,name"
"歌","Animations.json,36,name"
"咆哮","Animations.json,37,name"
"绊脚","Animations.json,38,name"
撞击,"Animations.json,39,name"
"闪光","Animations.json,40,name"
"恢复/单体1","Animations.json,41,name"
"恢复/单体2","Animations.json,42,name"
"恢复/全体1","Animations.json,43,name"
"恢复/全体2","Animations.json,44,name"
"治疗/单体1","Animations.json,45,name"
"治疗/单体2","Animations.json,46,name"
"治疗/全体1","Animations.json,47,name"
"治疗/全体2","Animations.json,48,name"
"复活1","Animations.json,49,name"
"复活2","Animations.json,50,name"
"强化1","Animations.json,51,name"
"强化2","Animations.json,52,name"
"强化3","Animations.json,53,name"
"弱化1
","Animations.json,54,name"
"弱化2
","Animations.json,55,name"
弱化3,"Animations.json,56,name"
诅咒,"Animations.json,57,name"
"吸收","Animations.json,58,name"
"中毒","Animations.json,59,name"
黑暗,"Animations.json,60,name"
"沉默","Animations.json,61,name"
"睡眠","Animations.json,62,name"
"混乱","Animations.json,63,name"
"麻痹","Animations.json,64,name"
"即死","Animations.json,65,name"
"火/单体1","Animations.json,66,name"
"火/单体2","Animations.json,67,name"
"火/全体1","Animations.json,68,name"
"火/全体2","Animations.json,69,name"
"火/全体3","Animations.json,70,name"
"冰/单体1","Animations.json,71,name"
"冰/单体2","Animations.json,72,name"
"冰/全体1","Animations.json,73,name"
"冰/全体2","Animations.json,74,name"
"冰/全体3","Animations.json,75,name"
"雷/单体1","Animations.json,76,name"
"雷/单体2","Animations.json,77,name"
"雷/全体1","Animations.json,78,name"
"雷/全体2","Animations.json,79,name"
"雷/全体3","Animations.json,80,name"
"水/单体1","Animations.json,81,name"
"水/单体2","Animations.json,82,name"
"水/全体1","Animations.json,83,name"
"水/全体2","Animations.json,84,name"
"水/全体3","Animations.json,85,name"
"土/单体1","Animations.json,86,name"
"土/单体2","Animations.json,87,name"
"土/全体1","Animations.json,88,name"
"土/全体2","Animations.json,89,name"
"土/全体3","Animations.json,90,name"
"风/单体1","Animations.json,91,name"
"风/单体2","Animations.json,92,name"
"风/全体1","Animations.json,93,name"
"风/全体2","Animations.json,94,name"
"风/全体3","Animations.json,95,name"
"光/单体1","Animations.json,96,name"
"光/单体2","Animations.json,97,name"
"光/全体1","Animations.json,98,name"
"光/全体2","Animations.json,99,name"
"光/全体3","Animations.json,100,name"
"风/单体1
","Animations.json,101,name"
"风/单体2
","Animations.json,102,name"
"风/全体1
","Animations.json,103,name"
"风/全体2
","Animations.json,104,name"
"风/全体3
","Animations.json,105,name"
"无属性/单体1","Animations.json,106,name"
"无属性/单体2","Animations.json,107,name"
"无属性/全体1","Animations.json,108,name"
"无属性/全体2","Animations.json,109,name"
"无属性/全体3","Animations.json,110,name"
"枪击/单发
","Animations.json,111,name"
"枪击/连发
","Animations.json,112,name"
"枪击/全体
","Animations.json,113,name"
"枪击/必杀技
","Animations.json,114,name"
"激光/单发","Animations.json,115,name"
"激光/全体","Animations.json,116,name"
"光柱1","Animations.json,117,name"
"光柱2","Animations.json,118,name"
"光弹","Animations.json,119,name"
"放射线","Animations.json,120,name"
"剑↓","Animations.json,122,name"
"剑←","Animations.json,123,name"
"剑→","Animations.json,124,name"
"剑↑","Animations.json,125,name"
"伤害","Animations.json,126,name"
"蓄势
","Animations.json,127,name"
回旋斩,"Animations.json,128,name"
