冒险家,"Classes.json,1,name"
猫娘,"Classes.json,2,name"
吸血姬,"Classes.json,3,name"
精灵,"Classes.json,4,name"
奴隶精灵,"Classes.json,5,name"
女仆精灵,"Classes.json,6,name"
哈比,"Classes.json,11,name"
哈比,"Classes.json,12,name"
哈比,"Classes.json,13,name"
绿色男子,"Classes.json,15,name"
吸血姬,"Classes.json,17,name"
吸血姬,"Classes.json,18,name"
吸血姬,"Classes.json,19,name"
吸血姬,"Classes.json,20,name"
冒险家,"Classes.json,22,name"
冒险家,"Classes.json,25,name"
冒险家,"Classes.json,26,name"
爱娜温,"Classes.json,27,name"
爱娜温,"Classes.json,28,name"
冒险家,"Classes.json,30,name"
冒险家,"Classes.json,31,name"
冒险家,"Classes.json,32,name"
冒险家,"Classes.json,33,name"
冒险家,"Classes.json,34,name"
美人鱼,"Classes.json,35,name"
村姑,"Classes.json,36,name"
村姑,"Classes.json,37,name"
猫娘,"Classes.json,39,name"
狐妖,"Classes.json,40,name"
狐妖,"Classes.json,41,name"
狐妖,"Classes.json,42,name"
狐妖,"Classes.json,43,name"
龙女,"Classes.json,45,name"
成人魅魔,"Classes.json,47,name"
萝莉魅魔,"Classes.json,48,name"
成人魅魔,"Classes.json,50,name"
萝莉魅魔,"Classes.json,51,name"
