倒下了！,"States.json,1,message1"
击败了！,"States.json,1,message2"
起身了！,"States.json,1,message4"
战斗不能,"States.json,1,name"
"状态1将会在HP降为0时
自动激活。","States.json,1,note"
防御,"States.json,2,name"
无敌,"States.json,3,name"
中毒了！,"States.json,4,message1"
施加了毒！,"States.json,4,message2"
解除了毒！,"States.json,4,message4"
毒,"States.json,4,name"
被黑暗包围了！,"States.json,5,message1"
施加了黑暗！,"States.json,5,message2"
解除了黑暗！,"States.json,5,message4"
黑暗,"States.json,5,name"
沉默了！,"States.json,6,message1"
施加了沉默！,"States.json,6,message2"
解除了沉默！,"States.json,6,message4"
沉默,"States.json,6,name"
愤怒了！,"States.json,7,message1"
更愤怒了！,"States.json,7,message2"
冷静下来了！,"States.json,7,message4"
愤怒,"States.json,7,name"
混乱了！,"States.json,8,message1"
使其混乱！,"States.json,8,message2"
冷静下来了！,"States.json,8,message4"
混乱,"States.json,8,name"
被勾引了！,"States.json,9,message1"
施加了魅惑！,"States.json,9,message2"
冷静下来了！,"States.json,9,message4"
魅惑了,"States.json,9,name"
入睡了！,"States.json,10,message1"
使其入睡！,"States.json,10,message2"
正在睡觉。,"States.json,10,message3"
醒来了！,"States.json,10,message4"
睡眠,"States.json,10,name"
由于冲击而失去了平衡！,"States.json,11,message1"
倾斜,"States.json,11,name"
種植,"States.json,13,name"
被猫薄荷的香味吸引了。,"States.json,14,message1"
正沉迷于猫薄荷的气味当中。,"States.json,14,message3"
麻痺,"States.json,14,name"
没法移开视线，专注于逗猫棒。,"States.json,15,message1"
正陷入逗猫棒的挑逗之中！,"States.json,15,message3"
专注,"States.json,15,name"
被藤蔓绑住了！,"States.json,17,message1"
被藤蔓绑住了。,"States.json,17,message3"
拘束,"States.json,17,name"
被魅魔出其不意的袭击了！,"States.json,18,message2"
出奇一击,"States.json,18,name"
