一般防具,"System.json,armorTypes,1"
魔法防具,"System.json,armorTypes,2"
轻装防具,"System.json,armorTypes,3"
重装防具,"System.json,armorTypes,4"
小型盾,"System.json,armorTypes,5"
大型盾,"System.json,armorTypes,6"
物理,"System.json,elements,1"
火,"System.json,elements,2"
冰,"System.json,elements,3"
雷,"System.json,elements,4"
水,"System.json,elements,5"
土,"System.json,elements,6"
风,"System.json,elements,7"
光,"System.json,elements,8"
暗,"System.json,elements,9"
武器,"System.json,equipTypes,1"
盾,"System.json,equipTypes,2"
头部,"System.json,equipTypes,3"
身体,"System.json,equipTypes,4"
装饰,"System.json,equipTypes,5"
TS魔物娘岛,"System.json,gameTitle"
魔法,"System.json,skillTypes,1"
必杀技,"System.json,skillTypes,2"
キー入力受付(アクションの時はここをON,"System.json,switches,1"
剣を振る,"System.json,switches,2"
主人公被ダメージ無敵,"System.json,switches,3"
以下OP用,"System.json,switches,5"
最初のイベント完了,"System.json,switches,6"
解除テスト,"System.json,switches,7"
移動後,"System.json,switches,8"
キヨヒコ出現,"System.json,switches,10"
緑の男に話した,"System.json,switches,11"
初めてワールドマップに出た,"System.json,switches,13"
教会の人にはじめて話した,"System.json,switches,14"
以下吸血姫編,"System.json,switches,21"
初めて入った,"System.json,switches,22"
閉じ込められた,"System.json,switches,23"
教会のお姉さんに初めて話した,"System.json,switches,24"
以下吸血姫編,"System.json,switches,26"
お姉さま出現,"System.json,switches,27"
お姉さま２出現,"System.json,switches,28"
お姉さま３出現,"System.json,switches,29"
コップを手にとった,"System.json,switches,30"
TSした直後,"System.json,switches,31"
以下鏡、0％最初,"System.json,switches,33"
30％最初,"System.json,switches,34"
中身見ないと決心したのに,"System.json,switches,35"
60%最初,"System.json,switches,36"
30%の時にスカートあけた,"System.json,switches,37"
90％最初,"System.json,switches,38"
100％最初,"System.json,switches,39"
完全吸血姫化、並列,"System.json,switches,40"
さっき鏡を見た,"System.json,switches,41"
探索開始,"System.json,switches,42"
90の時にワイン飲んだ,"System.json,switches,43"
100の時にワイン飲んだ,"System.json,switches,44"
右の部屋明るくなる,"System.json,switches,45"
左の部屋最初のギミック,"System.json,switches,46"
一回でも飛んだ,"System.json,switches,47"
暗視フラグ,"System.json,switches,48"
暗視使って看板見る,"System.json,switches,49"
吸血姫30％,"System.json,switches,51"
吸血姫60％,"System.json,switches,52"
吸血姫90％,"System.json,switches,53"
南京錠イベント開始,"System.json,switches,54"
一度でも爪伸ばした,"System.json,switches,55"
以降スイッチ101～,"System.json,switches,58"
以下エルフ編,"System.json,switches,61"
エルフの本、もしくは話した,"System.json,switches,62"
エルフさん出現,"System.json,switches,63"
男出現,"System.json,switches,64"
男１倒れる,"System.json,switches,65"
男２倒れる,"System.json,switches,66"
エルフさん消える,"System.json,switches,67"
本開く,"System.json,switches,68"
紅茶にかわる,"System.json,switches,69"
薬消える,"System.json,switches,70"
部屋の捜索開始,"System.json,switches,71"
手紙読んだ,"System.json,switches,72"
クツ履くか否か,"System.json,switches,73"
外出たフラグ,"System.json,switches,74"
エルフ村への道発見,"System.json,switches,75"
クツ履くフラグたてた,"System.json,switches,76"
男現れる２,"System.json,switches,77"
本たたむ,"System.json,switches,78"
オークショナー現れる,"System.json,switches,79"
宝出現,"System.json,switches,80"
自由行動,"System.json,switches,81"
キヨヒコ出現,"System.json,switches,82"
化粧した,"System.json,switches,83"
BL本みつけた,"System.json,switches,84"
男エルフに話した,"System.json,switches,85"
エルフ村に初めて入った,"System.json,switches,86"
村長イベントOK,"System.json,switches,87"
住む事をきめた,"System.json,switches,88"
一度あきやに入った,"System.json,switches,89"
誓った後に入った,"System.json,switches,90"
入れ替わりの薬を知った,"System.json,switches,91"
ビール出現,"System.json,switches,92"
ビール一度消える,"System.json,switches,93"
吸血姫編その２↓,"System.json,switches,101"
カギ入手、0%の時に扉に話した,"System.json,switches,102"
お姉様がでましたわ,"System.json,switches,103"
男冒険家始動,"System.json,switches,104"
妹消える,"System.json,switches,105"
清香に通常攻撃,"System.json,switches,106"
清香に連続攻撃,"System.json,switches,107"
清香に防御,"System.json,switches,108"
清香1ターン目様子見る,"System.json,switches,111"
お手合わせできますの,"System.json,switches,112"
本気でいきますわよ,"System.json,switches,113"
扉を一時キャンセルした,"System.json,switches,114"
90％で入口の扉,"System.json,switches,115"
吸血姫化して無事帰還,"System.json,switches,116"
元に戻れないとわかった,"System.json,switches,117"
ご飯出現１,"System.json,switches,118"
ご飯出現２,"System.json,switches,119"
ご飯出現３,"System.json,switches,120"
お姉様ですわ,"System.json,switches,121"
お姉様消えますわ,"System.json,switches,122"
以下アルラウネ編,"System.json,switches,124"
アルラウネの森にはじめてはいった,"System.json,switches,125"
アルラウネ感染確定,"System.json,switches,126"
アルラウネ感染確定２,"System.json,switches,127"
アルラウネ種飛ばし,"System.json,switches,128"
以降は様子を見て来る,"System.json,switches,129"
倒した直後（テスト,"System.json,switches,130"
アルラウネ感染第一段階,"System.json,switches,131"
第一段階イベント終了,"System.json,switches,132"
アルラウネと初めて接触,"System.json,switches,134"
建物の前到着,"System.json,switches,135"
地面がえぐれる,"System.json,switches,138"
地面くろこげ,"System.json,switches,139"
敵アルラウネ一時停止,"System.json,switches,140"
敵アルラウネ１討伐,"System.json,switches,141"
敵アルラウネ２討伐,"System.json,switches,142"
共通:感染確定,"System.json,switches,143"
変化する前に一度話した,"System.json,switches,144"
敵動き始める（６のマップ,"System.json,switches,145"
敵アルラウネA討伐,"System.json,switches,146"
敵アルラウネB討伐,"System.json,switches,147"
敵アルラウネC討伐,"System.json,switches,148"
敵アルラウネD討伐,"System.json,switches,149"
敵アルラウネE討伐,"System.json,switches,150"
敵アルラウネF討伐,"System.json,switches,151"
敵アルラウネGとうばつ,"System.json,switches,152"
敵アルラウネH討伐,"System.json,switches,153"
敵アルラウネI討伐,"System.json,switches,154"
敵アルラウネJ討伐,"System.json,switches,155"
敵アルラウネK討伐,"System.json,switches,156"
敵アルラウネL討伐,"System.json,switches,157"
敵アルラウネM討伐,"System.json,switches,158"
敵アルラウネN討伐,"System.json,switches,159"
敵アルラウネO討伐,"System.json,switches,160"
敵アルラウネP討伐,"System.json,switches,161"
敵アルラウネQ討伐,"System.json,switches,162"
敵アルラウネR討伐,"System.json,switches,163"
敵アルラウネS討伐,"System.json,switches,164"
敵アルラウネT討伐,"System.json,switches,165"
身体が勝手にもどる,"System.json,switches,166"
身体が勝手にもどる2,"System.json,switches,167"
身体が勝手にもどる3,"System.json,switches,168"
敵アルラウネＲ２討伐,"System.json,switches,169"
右からきた,"System.json,switches,170"
日光を楽しんだ,"System.json,switches,172"
以下人魚編,"System.json,switches,181"
人魚編開始,"System.json,switches,182"
人魚変開始2,"System.json,switches,183"
一度調べた,"System.json,switches,184"
一度調べた２,"System.json,switches,185"
一度調べた３,"System.json,switches,186"
一度調べた４,"System.json,switches,187"
一度調べた５,"System.json,switches,188"
第一段階：ショタ化,"System.json,switches,190"
第二段階:女体化,"System.json,switches,191"
第三段階：おっぱい,"System.json,switches,192"
第四段階：半人魚,"System.json,switches,193"
完全人魚化（ガッツポ）,"System.json,switches,194"
ゲーム画面停止プラグイン,"System.json,switches,200"
やっぱり取れない,"System.json,switches,201"
水魔法発動確認,"System.json,switches,202"
本をもう一回よむか,"System.json,switches,203"
引き出しが見れるようになる,"System.json,switches,204"
ハシゴの牢屋が開く,"System.json,switches,205"
ロープの扉が開く,"System.json,switches,206"
一度1階に登った,"System.json,switches,207"
彼氏候補出現,"System.json,switches,208"
人魚３で一度入った,"System.json,switches,209"
一度壁を調べた,"System.json,switches,210"
一度人魚化を見た,"System.json,switches,211"
一度人魚化を見た１,"System.json,switches,212"
一度人魚化を見た２,"System.json,switches,213"
一度人魚化を見た３,"System.json,switches,214"
一度人魚化を見た４,"System.json,switches,215"
一度人魚化を見た６,"System.json,switches,216"
男状態で岩を押す,"System.json,switches,217"
岩消える,"System.json,switches,218"
岩こっちに,"System.json,switches,219"
岩くだける,"System.json,switches,220"
岩、人魚2で押せなかった,"System.json,switches,221"
島の娘エンド,"System.json,switches,222"
帰宅時に緑の男に話した,"System.json,switches,224"
一度教会の人の家に行かなかった,"System.json,switches,225"
帰還ＥＤ用,"System.json,switches,226"
緑の男に話した（帰宅時,"System.json,switches,228"
花屋の男に話してる最中,"System.json,switches,229"
女の子のおっぱい相談,"System.json,switches,230"
花をとる,"System.json,switches,231"
一度花屋の男に話した,"System.json,switches,232"
水圧玉を使った,"System.json,switches,234"
以下にゃん娘編,"System.json,switches,241"
怪しい男に話しかけてる,"System.json,switches,242"
お金が出る,"System.json,switches,243"
男に話した,"System.json,switches,244"
一度話しを断った,"System.json,switches,245"
もんむす酒屋を見た,"System.json,switches,246"
秘密の入り口を見つけた,"System.json,switches,247"
店長出現,"System.json,switches,248"
鏡出現,"System.json,switches,249"
探索開始,"System.json,switches,252"
もう一回読むか否か,"System.json,switches,253"
一度爪を確認,"System.json,switches,254"
一度水を飲んだ,"System.json,switches,255"
守衛に一度殴った,"System.json,switches,261"
守衛が来る,"System.json,switches,262"
光が消える,"System.json,switches,263"
扉が消える,"System.json,switches,264"
魔法太陽,"System.json,switches,265"
第一段階鏡調べた,"System.json,switches,266"
ポイント1で昼寝した,"System.json,switches,267"
一度爪バリバリした,"System.json,switches,268"
本やぶけた,"System.json,switches,270"
爪をチェックした,"System.json,switches,271"
前に水飲んだ,"System.json,switches,272"
ポイント1で水飲んだ,"System.json,switches,273"
水色の液体調べた,"System.json,switches,274"
第二段階でニオイ嗅いだ,"System.json,switches,275"
引き出し開けれなかった,"System.json,switches,276"
ビンのお水嗅いだ,"System.json,switches,277"
粘りの液体完成,"System.json,switches,278"
他のイベント起こさない奴,"System.json,switches,280"
木の板を眺めた,"System.json,switches,281"
薄い木の板を初めて見た,"System.json,switches,282"
服について調べた,"System.json,switches,283"
パラダイスを読まなかった,"System.json,switches,284"
パラダイスを破った,"System.json,switches,285"
液体持ってる状態で守衛と,"System.json,switches,286"
親友現れる,"System.json,switches,288"
扉が開く,"System.json,switches,289"
二日目餌食べてない,"System.json,switches,291"
三段階目見た,"System.json,switches,293"
三段階目で日向ぼっこ,"System.json,switches,294"
三段階目で爪バリバリした,"System.json,switches,295"
潰した植物を入手,"System.json,switches,296"
潰した植物を戻した,"System.json,switches,297"
潰した植物を戻した2,"System.json,switches,298"
ぬいぐるみで遊んだ,"System.json,switches,299"
服について調べた2,"System.json,switches,300"
お水を又のんだにゃ,"System.json,switches,301"
ガラスを見て遊んだ,"System.json,switches,302"
初期段階でネコじゃらし押した,"System.json,switches,304"
二段階目で猫じゃらし,"System.json,switches,305"
猫じゃらし堪能したにゃ！,"System.json,switches,306"
あの人たちが出現,"System.json,switches,307"
牢屋消える,"System.json,switches,308"
以下妖狐編,"System.json,switches,310"
大妖狐さま出現,"System.json,switches,311"
尻尾の数を見た,"System.json,switches,312"
刀光る,"System.json,switches,313"
皮出てくる,"System.json,switches,314"
一度キャンセルした,"System.json,switches,315"
なれの果てきえる,"System.json,switches,316"
大妖狐さん部屋の中に,"System.json,switches,317"
左の部屋に初めてはいった,"System.json,switches,318"
エルフ森の看板を確認,"System.json,switches,319"
左の部屋に初めてはいった,"System.json,switches,321"
二回目捕らわれた,"System.json,switches,322"
第一段階で初めて鏡みた,"System.json,switches,323"
第一段階で火魔法使った,"System.json,switches,324"
草に第一段階で負けた,"System.json,switches,325"
第二段階で鏡見た,"System.json,switches,326"
薬品を見た,"System.json,switches,327"
一段階で水泳いだ,"System.json,switches,328"
草に除草剤使った,"System.json,switches,329"
除草剤入手,"System.json,switches,330"
最初の部屋の箱調べた,"System.json,switches,331"
左の部屋の鍵を開いた,"System.json,switches,332"
刺激臭を調べた,"System.json,switches,334"
ツボ移動完了,"System.json,switches,335"
ツボスイッチ押した,"System.json,switches,336"
あぶらあげ食べた,"System.json,switches,337"
あぶらあげをもう一度,"System.json,switches,338"
油揚げ食べて左の部屋,"System.json,switches,339"
揚げ食べて左の部屋も,"System.json,switches,340"
第二段階で海泳いだ,"System.json,switches,341"
蔦に三回目捕らわれた,"System.json,switches,343"
草に二段階目でまけた,"System.json,switches,344"
三段階目で左の部屋に二回目の入室,"System.json,switches,345"
三段階目で魔方陣確認おｋ,"System.json,switches,346"
三段階目で水渡らずワープ,"System.json,switches,347"
三段階目で初めてツボ調べる,"System.json,switches,348"
三段階目でツボ動かした,"System.json,switches,349"
アイテム出現,"System.json,switches,350"
四段階目で水入らずワープ,"System.json,switches,351"
四段階目ではじめてツボ調べる,"System.json,switches,352"
第三段階で鏡見た,"System.json,switches,354"
本開いた,"System.json,switches,355"
弱点を知った,"System.json,switches,356"
植物ついに倒した,"System.json,switches,357"
四段階目で鏡見た,"System.json,switches,358"
付け根を触った,"System.json,switches,359"
大妖狐に勝った,"System.json,switches,361"
尻尾をモフる攻撃,"System.json,switches,363"
耳をモフる攻撃,"System.json,switches,364"
刀光る（ED用）,"System.json,switches,366"
皮の残骸,"System.json,switches,367"
教会の人が去る,"System.json,switches,368"
大妖狐がまた表に,"System.json,switches,369"
男C消える,"System.json,switches,370"
船とまってた,"System.json,switches,371"
二日目,"System.json,switches,372"
もうあそこしか行けない,"System.json,switches,373"
大妖狐さんワープ,"System.json,switches,374"
いきなり大妖狐さんとバトル,"System.json,switches,375"
ですわ姫消える,"System.json,switches,376"
ですわ姫あらわれる,"System.json,switches,377"
まさかのフリー行動開始,"System.json,switches,378"
言動繰り返し,"System.json,switches,379"
油揚げを普通の味だと思った,"System.json,switches,380"
受付嬢よろこぶ,"System.json,switches,382"
教会の人と妖狐状態で話した,"System.json,switches,383"
鏡の前で誓った,"System.json,switches,384"
ウメシオさんに話した,"System.json,switches,385"
爺さんにお尻触られた,"System.json,switches,386"
あぶらあげ渡した,"System.json,switches,387"
エルフ村で自由行動開始,"System.json,switches,388"
女の子にモフらせた,"System.json,switches,389"
大妖狐のおうちに着たく,"System.json,switches,390"
箱出現,"System.json,switches,391"
以下どら娘編,"System.json,switches,401"
ひびわれが壊れる,"System.json,switches,402"
竜娘さん出現,"System.json,switches,403"
竜娘の本よんだ,"System.json,switches,404"
一度断った,"System.json,switches,405"
岩はおいしいよ,"System.json,switches,407"
岩はおいしいよ2,"System.json,switches,408"
宿屋の文字が読めねぇ,"System.json,switches,410"
貝を食す,"System.json,switches,411"
女の子立ち去る,"System.json,switches,413"
野菜をたべる,"System.json,switches,414"
クソガキと話した,"System.json,switches,415"
武器屋をチェックした,"System.json,switches,416"
野菜をたべた,"System.json,switches,417"
やっぱ本よめねぇ,"System.json,switches,418"
お姉さんにはなした,"System.json,switches,419"
怪しい男に話した,"System.json,switches,420"
おじさんの！を消す,"System.json,switches,421"
男の頃に猫娘見た,"System.json,switches,422"
教会の人に話した2,"System.json,switches,423"
ママ登場,"System.json,switches,425"
おじさん登場,"System.json,switches,426"
牢屋の柵こわれる,"System.json,switches,428"
フェアと合流,"System.json,switches,429"
フェア消える2,"System.json,switches,430"
男消滅,"System.json,switches,431"
部屋を調べる,"System.json,switches,432"
フェアが沸く,"System.json,switches,433"
地図ゲット,"System.json,switches,434"
敵が沸いてくる,"System.json,switches,435"
フェアが消える3ぐらい,"System.json,switches,436"
おじさん沸く,"System.json,switches,437"
ねむってるおっさん沸く,"System.json,switches,438"
敵がわいてくる2,"System.json,switches,439"
瞬間異動ママ,"System.json,switches,440"
瞬間移動こゃん,"System.json,switches,441"
妖精ちゃんきえる,"System.json,switches,442"
ハーピー編開始,"System.json,switches,444"
家の入り口さがす,"System.json,switches,445"
一度家にはいった,"System.json,switches,446"
日記を読んだ,"System.json,switches,447"
部屋の中探索開始,"System.json,switches,448"
宝箱だよ,"System.json,switches,449"
宝箱開いたよ,"System.json,switches,450"
水晶ひかる,"System.json,switches,451"
脱出開始,"System.json,switches,452"
本がこわれた,"System.json,switches,453"
男で日記を見た,"System.json,switches,454"
ベッドを鳥で調べた,"System.json,switches,455"
脱出開始,"System.json,switches,456"
一度家から出た,"System.json,switches,458"
近づかないでおこう,"System.json,switches,459"
ハーピーから逃げた,"System.json,switches,461"
初見で近づかなかった,"System.json,switches,462"
ハーピーAに捕まった,"System.json,switches,463"
産卵ポイント2超えた,"System.json,switches,465"
産卵ポイント4超えた,"System.json,switches,466"
逆レをおもいついた,"System.json,switches,468"
はじめて扉開く,"System.json,switches,469"
図書館の人と話した,"System.json,switches,470"
本が読めないとわかった,"System.json,switches,471"
ハーピーで鏡見た,"System.json,switches,472"
ジジィ蹴り飛ばす,"System.json,switches,473"
キケンが危ない,"System.json,switches,474"
武器屋に話しかけた,"System.json,switches,475"
奴隷の自分,"System.json,switches,476"
女の子にモフらせた,"System.json,switches,478"
水槽を見た,"System.json,switches,479"
魚食べようとした,"System.json,switches,480"
船員焼失,"System.json,switches,481"
船員A登場,"System.json,switches,482"
アルラウネバグ対策,"System.json,switches,484"
以下淫魔編開始,"System.json,switches,501"
最初の階段,"System.json,switches,502"
男二人出現,"System.json,switches,503"
淫魔化,"System.json,switches,504"
居住区突入,"System.json,switches,506"
踊りを聞いた,"System.json,switches,507"
淫魔出現,"System.json,switches,509"
淫魔化兵士,"System.json,switches,510"
鎧を着込む,"System.json,switches,511"
自由行動開始,"System.json,switches,512"
扉を開く,"System.json,switches,513"
外にでるで,"System.json,switches,514"
男が淫魔化,"System.json,switches,515"
二人とも消える,"System.json,switches,516"
淫魔さん出てくる,"System.json,switches,517"
淫魔消滅,"System.json,switches,518"
自由行動開始,"System.json,switches,519"
淫魔A消失,"System.json,switches,521"
淫魔B消失,"System.json,switches,522"
他の淫魔を一時停止,"System.json,switches,523"
のちに淫魔化する男と話した,"System.json,switches,525"
オレンジの男淫魔化,"System.json,switches,526"
マップ移動時に一時停止,"System.json,switches,527"
上からきたぞ,"System.json,switches,528"
緑の淫魔消失,"System.json,switches,529"
左からきたぞ,"System.json,switches,530"
緑の淫魔に淫魔化させられた,"System.json,switches,531"
店長出現,"System.json,switches,532"
岩崩す,"System.json,switches,533"
店長消える,"System.json,switches,534"
淫魔C消滅,"System.json,switches,536"
淫魔D消滅,"System.json,switches,537"
居酒屋を確認した,"System.json,switches,539"
震える男に話した,"System.json,switches,542"
淫魔E消失,"System.json,switches,544"
淫魔F消失,"System.json,switches,545"
淫魔G消失,"System.json,switches,546"
クソガキ淫魔化,"System.json,switches,548"
街でクソガキに話しかけた,"System.json,switches,549"
兵士が淫魔化する,"System.json,switches,550"
淫魔H消失,"System.json,switches,551"
淫魔I消失,"System.json,switches,552"
魔法使いさん淫魔化,"System.json,switches,554"
淫魔G消失,"System.json,switches,556"
淫魔L消失,"System.json,switches,557"
淫魔で居酒屋を覗いた,"System.json,switches,558"
居酒屋の船員淫魔化,"System.json,switches,561"
魚屋の男淫魔化,"System.json,switches,562"
おっさん淫魔化,"System.json,switches,563"
爺さん淫魔化,"System.json,switches,564"
酒場の鏡を見た,"System.json,switches,565"
胸を見る男淫魔化,"System.json,switches,566"
柵を作った男淫魔化,"System.json,switches,568"
淫魔ちゃん中に,"System.json,switches,569"
淫魔ちゃん淫魔化確定,"System.json,switches,570"
怯えている女性と話した,"System.json,switches,571"
振り向く女性,"System.json,switches,572"
彼女の元男と話した,"System.json,switches,573"
女性が淫魔化,"System.json,switches,574"
女性の元淫魔がいなくなる,"System.json,switches,575"
淫魔編で子供の淫魔化を見た,"System.json,switches,576"
男編でも一度抜けた,"System.json,switches,577"
教会の人イベントで淫魔化,"System.json,switches,580"
メスガキ編開始,"System.json,switches,581"
メスガキ不可侵エリア,"System.json,switches,582"
メスガキA消滅,"System.json,switches,583"
メスガキB消滅,"System.json,switches,584"
メスガキC消滅,"System.json,switches,585"
メスガキCが上に移動した,"System.json,switches,586"
ハコの中の男をいじった,"System.json,switches,587"
メスガキD消滅,"System.json,switches,588"
Cを倒して箱叩いた,"System.json,switches,589"
ウメシオさんまた襲う,"System.json,switches,590"
淫魔化した状態で聞いた,"System.json,switches,591"
あの人に話しかけた,"System.json,switches,593"
あの人メスガキ化,"System.json,switches,594"
メスガキE消滅,"System.json,switches,596"
あの人男状態でメスガキ化,"System.json,switches,597"
協力関係で話しかけた,"System.json,switches,598"
女の子淫魔化,"System.json,switches,600"
アパートもんもんの中,"System.json,switches,601"
女の子淫魔化2,"System.json,switches,602"
メスガキF消滅,"System.json,switches,604"
メスガキG消滅,"System.json,switches,605"
ぬの消える,"System.json,switches,606"
メスガキ達出現,"System.json,switches,608"
メスガキルート経由,"System.json,switches,609"
自由行動開始、メスガキルート経由,"System.json,switches,610"
男さん出現,"System.json,switches,611"
武器やの人に話しかけていた,"System.json,switches,613"
男さんメスガキ化,"System.json,switches,614"
回想ニンゲンに戻る1,"System.json,switches,616"
回想ニンゲンに戻る2,"System.json,switches,617"
回想ニンゲンに戻る3,"System.json,switches,618"
箱の上に置かれる,"System.json,switches,621"
自由行動開始,"System.json,switches,622"
ウメシオさんたち元に戻る,"System.json,switches,624"
親子が姉妹になる,"System.json,switches,625"
あの人元にもどる,"System.json,switches,626"
最後のマップの人達戻る,"System.json,switches,627"
図書館の人に話した,"System.json,switches,628"
尻尾をすべすべさせた,"System.json,switches,629"
兵士1に話しかけた,"System.json,switches,630"
モブ男Aに話した,"System.json,switches,631"
緑の女と話した,"System.json,switches,632"
クソガキと話した,"System.json,switches,633"
元爺さんと話した,"System.json,switches,634"
兵士3と話した,"System.json,switches,635"
猫耳さんと話した,"System.json,switches,636"
教会の人と話した、淫魔で,"System.json,switches,637"
鏡を見た,"System.json,switches,638"
怪しい男に話した,"System.json,switches,640"
柵を作った男に話した,"System.json,switches,641"
武器やの店長に話した,"System.json,switches,642"
花屋の人に話した,"System.json,switches,643"
一度居住区に移動した,"System.json,switches,645"
ウメシオさんを落ち着かせた,"System.json,switches,646"
胸を与える仕事を与えた,"System.json,switches,647"
姉妹（家族）消える,"System.json,switches,648"
赤い帽子の人に話した,"System.json,switches,649"
柵の男に話した,"System.json,switches,651"
交わっている男と話した,"System.json,switches,652"
居酒屋ピンクを調べた,"System.json,switches,653"
特訓する人に話した,"System.json,switches,654"
ダンサーの人に話した,"System.json,switches,655"
箱の上に置かれる,"System.json,switches,656"
大妖狐さま出現2,"System.json,switches,658"
大妖狐ニンゲン携帯,"System.json,switches,659"
ですわ姫が出現,"System.json,switches,660"
紅茶が出される,"System.json,switches,661"
エルフ奴隷ED解放,"System.json,switches,663"
エルフの住民ED解放,"System.json,switches,664"
ですわ姫90％EN解放,"System.json,switches,666"
ですわ姫100％ED解放,"System.json,switches,667"
ですわ姫帰還ED解放,"System.json,switches,668"
海辺の少女ED,"System.json,switches,672"
特異体質化ED,"System.json,switches,673"
弟子ED,"System.json,switches,674"
店員ED,"System.json,switches,675"
ED11.花屋の売り子ED,"System.json,switches,676"
ED12.見世物人魚ED。,"System.json,switches,677"
ED13.完全人魚化ED,"System.json,switches,678"
ED14.家族ED,"System.json,switches,681"
ED15.飼いネコED,"System.json,switches,682"
ED16.依存ED,"System.json,switches,683"
ED17.修行妖狐EDその1,"System.json,switches,684"
ED18.修行妖狐EDその2,"System.json,switches,685"
ED19.修行妖狐EDその3,"System.json,switches,686"
ED20.眷属妖狐化ED,"System.json,switches,687"
ED21.姉妹妖狐化ED,"System.json,switches,688"
ED22.皮癒着ED,"System.json,switches,689"
ED23.母と娘その1,"System.json,switches,691"
ED24.母と娘その2,"System.json,switches,692"
ED25.ハーピー帰還ED,"System.json,switches,694"
ED26.街中産卵ED,"System.json,switches,695"
ED27.一匹の母ED,"System.json,switches,696"
ED28.完全淫魔化ED,"System.json,switches,697"
ED29.完全子供淫魔化ED,"System.json,switches,698"
ED30.淫魔化帰還ED,"System.json,switches,699"
ED31.子供淫魔化帰還ED,"System.json,switches,700"
回想モードから突入した,"System.json,switches,701"
作者にはなした,"System.json,switches,703"
回想部屋のですわ姫,"System.json,switches,704"
回想部屋の大妖狐,"System.json,switches,705"
一度ワープした,"System.json,switches,708"
アルラウネに話した,"System.json,switches,710"
黒ハーピーに話した,"System.json,switches,711"
アカリに話した,"System.json,switches,712"
ですわ姫水着,"System.json,switches,713"
にゃん娘に話した,"System.json,switches,714"
人魚に話した,"System.json,switches,715"
人魚に話した2,"System.json,switches,716"
淫魔に話した,"System.json,switches,717"
ロリ淫魔に話した,"System.json,switches,718"
キヨヒコに話した,"System.json,switches,719"
にゃん娘に話した2,"System.json,switches,720"
淫魔キヨヒコに話した,"System.json,switches,721"
ようこに話した,"System.json,switches,723"
妖精に話した,"System.json,switches,724"
師匠に話した,"System.json,switches,725"
店長に話した,"System.json,switches,726"
クソガキに話した,"System.json,switches,727"
cg1解放,"System.json,switches,728"
cg2解放,"System.json,switches,729"
cg3解放,"System.json,switches,730"
cg4解放,"System.json,switches,731"
cg5解放,"System.json,switches,732"
cg6解放,"System.json,switches,733"
cg7解放,"System.json,switches,735"
cg8解放,"System.json,switches,736"
cg9解放,"System.json,switches,737"
cg10解放,"System.json,switches,738"
cg11解放,"System.json,switches,739"
cg12解放,"System.json,switches,740"
cg13解放,"System.json,switches,741"
cg14解放,"System.json,switches,742"
cg15解放,"System.json,switches,743"
cg16解放,"System.json,switches,744"
cg17解放,"System.json,switches,745"
cg18解放,"System.json,switches,746"
cg19解放,"System.json,switches,747"
cg20解放,"System.json,switches,748"
cg21解放,"System.json,switches,749"
cg22解放,"System.json,switches,750"
cg23解放,"System.json,switches,751"
cg24解放,"System.json,switches,753"
cg25解放,"System.json,switches,754"
cg26解放,"System.json,switches,755"
cg27解放,"System.json,switches,756"
cg28解放,"System.json,switches,757"
cg29解放,"System.json,switches,758"
cg30解放,"System.json,switches,759"
cg31解放,"System.json,switches,760"
cg32解放,"System.json,switches,761"
cg33解放,"System.json,switches,762"
cg34解放,"System.json,switches,763"
cg35解放,"System.json,switches,764"
cg36解放,"System.json,switches,765"
cg37解放,"System.json,switches,766"
cg38解放,"System.json,switches,767"
cg39解放,"System.json,switches,768"
cg40解放,"System.json,switches,769"
cg41解放,"System.json,switches,770"
cg42解放,"System.json,switches,771"
cg43解放,"System.json,switches,772"
cg44解放,"System.json,switches,773"
cg45解放,"System.json,switches,774"
cg46解放,"System.json,switches,775"
cg47解放,"System.json,switches,776"
cg48解放,"System.json,switches,777"
cg49解放,"System.json,switches,778"
cg50解放,"System.json,switches,779"
cg51解放,"System.json,switches,780"
cg52解放,"System.json,switches,781"
cg53解放,"System.json,switches,782"
cg54解放,"System.json,switches,783"
cg55解放,"System.json,switches,784"
cg56解放,"System.json,switches,785"
cg57解放,"System.json,switches,786"
cg58解放,"System.json,switches,787"
cg59解放,"System.json,switches,788"
cg60解放,"System.json,switches,789"
cg61解放,"System.json,switches,790"
cg62解放,"System.json,switches,791"
cg63解放,"System.json,switches,792"
cg64解放,"System.json,switches,793"
cg65解放,"System.json,switches,794"
cg66解放,"System.json,switches,795"
cg67解放,"System.json,switches,796"
cg68解放,"System.json,switches,797"
cg69解放,"System.json,switches,798"
cg70解放,"System.json,switches,799"
cg71解放,"System.json,switches,800"
cg72解放,"System.json,switches,801"
cg73解放,"System.json,switches,802"
cg74解放,"System.json,switches,803"
cg75解放,"System.json,switches,804"
cg76解放,"System.json,switches,805"
cg77解放,"System.json,switches,806"
cg78解放,"System.json,switches,807"
cg79解放,"System.json,switches,808"
cg80解放,"System.json,switches,809"
cg81解放,"System.json,switches,810"
cg82解放,"System.json,switches,811"
cg83解放,"System.json,switches,812"
cg84解放,"System.json,switches,813"
cg85解放,"System.json,switches,814"
cg86解放,"System.json,switches,815"
cg87解放,"System.json,switches,816"
cg88解放,"System.json,switches,817"
cg89解放,"System.json,switches,818"
cg90解放,"System.json,switches,819"
cg91解放,"System.json,switches,820"
壁調べた,"System.json,switches,821"
等级,"System.json,terms,basic,0"
经验值,"System.json,terms,basic,8"
战斗,"System.json,terms,commands,0"
逃跑,"System.json,terms,commands,1"
攻击,"System.json,terms,commands,2"
防御,"System.json,terms,commands,3"
物品,"System.json,terms,commands,4"
技能,"System.json,terms,commands,5"
装备,"System.json,terms,commands,6"
状态,"System.json,terms,commands,7"
排序,"System.json,terms,commands,8"
存档,"System.json,terms,commands,9"
退出游戏,"System.json,terms,commands,10"
选项,"System.json,terms,commands,11"
武器,"System.json,terms,commands,12"
防具,"System.json,terms,commands,13"
重要物品,"System.json,terms,commands,14"
装备,"System.json,terms,commands,15"
最强装备,"System.json,terms,commands,16"
卸下所有,"System.json,terms,commands,17"
新游戏,"System.json,terms,commands,18"
读档,"System.json,terms,commands,19"
返回主菜单,"System.json,terms,commands,21"
退出,"System.json,terms,commands,22"
购买,"System.json,terms,commands,24"
出售,"System.json,terms,commands,25"
最大生命,"System.json,terms,params,0"
最大魔力,"System.json,terms,params,1"
攻击,"System.json,terms,params,2"
防御,"System.json,terms,params,3"
魔力,"System.json,terms,params,4"
魔抗,"System.json,terms,params,5"
敏捷,"System.json,terms,params,6"
幸运,"System.json,terms,params,7"
命中率,"System.json,terms,params,8"
闪避率,"System.json,terms,params,9"
%1未受到影响！,"System.json,terms,messages,actionFailure"
%1受到%2点伤害！,"System.json,terms,messages,actorDamage"
%1失去%3！,"System.json,terms,messages,actorDrain"
%1的%2增加%3！,"System.json,terms,messages,actorGain"
%1的%2减少%3！,"System.json,terms,messages,actorLoss"
%1没有受到伤害！,"System.json,terms,messages,actorNoDamage"
未命中！%1没有受到伤害！,"System.json,terms,messages,actorNoHit"
%1的%2恢复了%3！,"System.json,terms,messages,actorRecovery"
保持冲刺,"System.json,terms,messages,alwaysDash"
BGM音量,"System.json,terms,messages,bgmVolume"
BGS音量,"System.json,terms,messages,bgsVolume"
%1的%2提升！,"System.json,terms,messages,buffAdd"
%1的%2恢复正常！,"System.json,terms,messages,buffRemove"
指令记忆,"System.json,terms,messages,commandRemember"
%1反击！,"System.json,terms,messages,counterAttack"
致命一击！,"System.json,terms,messages,criticalToActor"
暴击！,"System.json,terms,messages,criticalToEnemy"
%1的%2下降！,"System.json,terms,messages,debuffAdd"
%1战败。,"System.json,terms,messages,defeat"
%1出现！,"System.json,terms,messages,emerge"
%1造成%2点伤害！,"System.json,terms,messages,enemyDamage"
%1失去%3！,"System.json,terms,messages,enemyDrain"
%1的%2增加%3！,"System.json,terms,messages,enemyGain"
%1的%2减少%3！,"System.json,terms,messages,enemyLoss"
%1无法伤害！,"System.json,terms,messages,enemyNoDamage"
未命中！%1无法伤害！,"System.json,terms,messages,enemyNoHit"
%1的%2恢复了%3！,"System.json,terms,messages,enemyRecovery"
但是无法逃跑！,"System.json,terms,messages,escapeFailure"
%1逃跑了！,"System.json,terms,messages,escapeStart"
%1闪避攻击！,"System.json,terms,messages,evasion"
直到下一个%1,"System.json,terms,messages,expNext"
当前%1,"System.json,terms,messages,expTotal"
文件,"System.json,terms,messages,file"
%1提升%2%3！,"System.json,terms,messages,levelUp"
要加载哪个存档？,"System.json,terms,messages,loadMessage"
%1消除了魔法！,"System.json,terms,messages,magicEvasion"
%1反弹了魔法！,"System.json,terms,messages,magicReflection"
主音量,"System.json,terms,messages,meVolume"
获得%1的%2！,"System.json,terms,messages,obtainExp"
获得%1金币！,"System.json,terms,messages,obtainGold"
获得%1！,"System.json,terms,messages,obtainItem"
学会了%1！,"System.json,terms,messages,obtainSkill"
%1们,"System.json,terms,messages,partyName"
拥有数量,"System.json,terms,messages,possession"
%1先手攻击！,"System.json,terms,messages,preemptive"
要保存到哪个文件？,"System.json,terms,messages,saveMessage"
SE音量,"System.json,terms,messages,seVolume"
%1挺身而出保护了%2！,"System.json,terms,messages,substitute"
%1被偷袭！,"System.json,terms,messages,surprise"
%1使用了%2！,"System.json,terms,messages,useItem"
%1胜利！,"System.json,terms,messages,victory"
決定キーを押している時間,"System.json,variables,1"
攻撃x,"System.json,variables,2"
攻撃y,"System.json,variables,3"
対象者ID,"System.json,variables,4"
現在地X,"System.json,variables,6"
男二人にどうしたか,"System.json,variables,8"
吸血姫ゲージ,"System.json,variables,10"
南京錠番号,"System.json,variables,12"
カギ入手数,"System.json,variables,13"
人魚化ゲージ,"System.json,variables,15"
デバッグアイテム入手フラグ,"System.json,variables,16"
守衛ポイント,"System.json,variables,18"
何回草に拘束されたか,"System.json,variables,20"
水を泳いだ回数,"System.json,variables,21"
鏡を見た回数,"System.json,variables,22"
植物にまけた回数,"System.json,variables,23"
付け根を触るを選んだ回数,"System.json,variables,24"
攻撃をスカった回数,"System.json,variables,26"
大妖狐に爪攻撃,"System.json,variables,28"
大妖狐に魔法攻撃,"System.json,variables,29"
大妖狐に防御,"System.json,variables,30"
帰宅数値,"System.json,variables,32"
看板文字よめなんだ,"System.json,variables,33"
産卵ぽいんと,"System.json,variables,37"
左右ポイント,"System.json,variables,38"
隠しの隠しポイント,"System.json,variables,41"
イラスト解放ポイント,"System.json,variables,43"
短剑,"System.json,weaponTypes,1"
剑,"System.json,weaponTypes,2"
链枷,"System.json,weaponTypes,3"
斧头,"System.json,weaponTypes,4"
鞭,"System.json,weaponTypes,5"
法杖,"System.json,weaponTypes,6"
弓,"System.json,weaponTypes,7"
十字弩,"System.json,weaponTypes,8"
枪,"System.json,weaponTypes,9"
爪,"System.json,weaponTypes,10"
手套,"System.json,weaponTypes,11"
长矛,"System.json,weaponTypes,12"
