野外,"Tilesets.json,1,name"
场景,"Tilesets.json,2,name"
内部场景,"Tilesets.json,3,name"
地下城,"Tilesets.json,4,name"
近未来场景,"Tilesets.json,5,name"
近未来内部场景,"Tilesets.json,6,name"
内部场景（和风）,"Tilesets.json,7,name"
场景2,"Tilesets.json,8,name"
场景3,"Tilesets.json,9,name"
内部场景（魔法使）,"Tilesets.json,10,name"
场景4,"Tilesets.json,11,name"
场景5,"Tilesets.json,12,name"
场景,"Tilesets.json,14,name"
内部场景（市场）,"Tilesets.json,15,name"
内部场景（事件用）,"Tilesets.json,18,name"
场景（住宅区）,"Tilesets.json,20,name"
场景（住宅区，事件用）,"Tilesets.json,21,name"
场景（事件，水下用）,"Tilesets.json,22,name"
内部场景（猫娘用）,"Tilesets.json,24,name"
内部场景（猫娘，正篇用）,"Tilesets.json,25,name"
狐妖用场景,"Tilesets.json,27,name"
狐妖用内部场景,"Tilesets.json,28,name"
内部场景（和风）,"Tilesets.json,29,name"
场景（哈比逃脱用）,"Tilesets.json,31,name"
场景,"Tilesets.json,32,name"
内部场景（哈比ED用）,"Tilesets.json,34,name"
内部场景（哈比ED用）,"Tilesets.json,36,name"
野外（淫魔篇）,"Tilesets.json,38,name"
内部场景（淫魔篇）,"Tilesets.json,39,name"
场景（淫魔篇）,"Tilesets.json,41,name"
